first_name,last_name,id
Johnetta,Abdallah,611
Geoffrey,Acey,917
Weldon,Acuff,932
Barbra,Adkin,553
Fausto,Agramonte,800
Delmy,Ahle,983
Cammy,Albares,585
Minna,Amigon,959
Jutta,Amyot,652
Tasia,Andreason,130
Ahmed,Angalich,633
Thaddeus,Ankeny,159
Judy,Aquas,262
Tegan,Arceo,479
Rhea,Aredondo,575
Alyce,Arias,581
Loren,Asar,848
Lynelle,Auber,801
Ressie,Auffrey,312
Jaclyn,Bachman,999
Aliza,Baltimore,356
Stephaine,Barfield,275
Glen,Bartolet,928
Carissa,Batman,497
Merilyn,Bayless,395
Louvenia,Beech,642
Elvera,Benimadho,179
Kristofer,Bennick,550
Heike,Berganza,674
Alaine,Bergesen,131
Vilma,Berlanga,452
Glenn,Berray,986
Rima,Bevelacqua,374
Jani,Biddy,693
Mariann,Bilden,811
Quentin,Birkner,812
Viola,Bitsuie,160
Kallie,Blackwood,238
Frederica,Blunk,377
Brock,Bolognia,524
Flo,Bookamer,529
Annabelle,Boord,988
Keneth,Borgman,852
Carlee,Boulter,834
Sharen,Bourbon,206
Emerson,Bowley,523
Raina,Brachle,215
Joni,Breland,443
Jina,Briddick,979
Junita,Brideau,654
Nicolette,Brossart,124
Winfred,Brucato,936
Danica,Bruschke,364
Alecia,Bubash,415
Alease,Buemi,335
Lauran,Burnard,957
James,Butt,413
Rodolfo,Butzen,273
Tawna,Buvens,375
France,Buzick,306
Ronny,Caiafa,525
Kiley,Caldarera,305
Brandon,Callaro,501
Raymon,Calvaresi,519
Roxane,Campain,343
Sarah,Candlish,583
Erinn,Canlas,688
Galen,Cantres,455
Scarlet,Cartan,906
Annmarie,Castros,616
Chanel,Caudy,471
Lisha,Centini,756
Angella,Cetta,911
Jess,Chaffins,237
Roslyn,Chavous,535
Dorothy,Chesterfield,881
Devorah,Chickering,467
Ezekiel,Chui,996
Jeanice,Claucherty,663
Buddy,Cloney,902
Cecilia,Colaizzo,994
Zona,Colla,555
Daniela,Comnick,951
Eun,Coody,683
Carmela,Cookey,687
Candida,Corbley,437
Rosio,Cork,892
Beatriz,Corrington,496
Ammie,Corrio,785
Sylvia,Cousey,760
Detra,Coyier,127
Lezlie,Craghead,567
Louisa,Cronauer,534
Delisa,Crupi,419
Joseph,Cryer,781
Jerry,Dallen,617
Josephine,Darakjy,444
Cyril,Daufeldt,870
Joesph,Degonia,138
Novella,Degroot,522
Mona,Delasancha,117
Carin,Deleo,813
Herman,Demesa,259
Haydee,Denooyer,196
Diane,Devreese,145
Izetta,Dewar,134
Derick,Dhamer,612
Dominque,Dickerson,421
Lonna,Diestel,216
Lindsey,Dilello,913
Leota,Dilliard,490
Daron,Dinos,372
Xochitl,Discipio,590
Carey,Dopico,408
Wynell,Dorshorst,926
Jennie,Drymon,855
Pete,Dubaldi,360
Kimberlie,Duenas,439
Sharika,Eanes,782
Kristel,Ehmann,597
Franklyn,Emard,200
Stephen,Emigh,710
Johnna,Engelberg,968
Teri,Ennaco,402
Ilene,Eroman,303
Christiane,Eschberger,843
Roselle,Estell,713
Jennifer,Fallick,591
Jade,Farrar,930
Arthur,Farrow,636
Truman,Feichtner,946
Twana,Felger,548
Erick,Ferencz,463
Natalie,Fern,768
Justine,Ferrario,547
Bernardo,Figeroa,314
Skye,Fillingim,883
Yoko,Fishburne,362
Jesusita,Flister,680
Fletcher,Flosi,517
Donette,Foller,167
Pamella,Fortino,657
Rolland,Francescon,284
Tiera,Frankel,435
Helga,Fredicks,576
Mireya,Frerking,414
Theola,Frey,247
An,Fritz,128
Izetta,Funnell,773
Janey,Gabisi,879
Britt,Galam,648
Meaghan,Garufi,225
Lai,Gato,827
Aja,Gehrett,368
Gearldine,Gellinger,700
Rebecka,Gesick,166
Cory,Gibes,989
Wilda,Giguere,673
Brittni,Gillaspie,359
Valentine,Gillian,331
Catarina,Gleich,792
Albina,Glick,395
Leonida,Gobern,829
Freeman,Gochal,248
Cyndy,Goldammer,665
Casie,Good,750
Nieves,Gotter,363
Shonda,Greenbush,748
Kenneth,Grenet,403
Larae,Gudroe,174
Elouise,Gwalthney,900
Leatha,Hagele,111
Nobuko,Halsey,952
Helaine,Halter,411
Charlene,Hamilton,536
Jolanda,Hanafan,638
Lai,Harabedian,791
Ryan,Harnos,705
Cheryl,Haroldson,854
Fabiola,Hauenstein,802
Harrison,Haufler,914
Clorinda,Heimann,552
Samira,Heintzman,820
Dottie,Hellickson,487
Lavonda,Hengel,807
Kirk,Herritt,506
Marguerita,Hiatt,418
Dorthy,Hidvegi,137
Felix,Hirpara,699
Alesia,Hixenbaugh,177
Clay,Hoa,837
Malinda,Hochard,493
Roosevelt,Hoffis,354
Cecily,Hollack,921
Arlette,Honeywell,308
Tamar,Hoogland,758
Ettie,Hoopengardner,664
Mitzie,Hudnall,213
Deandrea,Hughey,963
Selma,Husser,754
Veronika,Inouye,833
Bok,Isaacs,167
Lettie,Isenhower,603
Allene,Iturbide,511
Refugia,Jacobos,842
Eden,Jayson,918
Alline,Jeanty,831
Fernanda,Jillson,806
Deeanna,Juhas,763
Caitlin,Julia,671
Luisa,Jurney,719
Nickolas,Juvera,299
Noah,Kalafatis,945
Raylene,Kampa,543
Golda,Kaniecki,269
Regenia,Kannady,622
Colette,Kardas,995
Salena,Karpel,948
Karan,Karpin,915
Ruthann,Keener,526
Garry,Keetch,653
Kate,Keneipp,169
Dean,Ketelsen,258
Virgie,Kiel,384
Donte,Kines,916
Deonna,Kippley,406
Gail,Kitty,956
Chau,Kitzman,940
Lashandra,Klang,380
Valentin,Klimek,132
Karl,Klonowski,676
Arlene,Klusman,619
Melodie,Knipp,527
Lizbeth,Kohl,741
Audra,Kohnert,784
Willard,Kolmetz,361
Willodean,Konopacki,243
Nan,Koppinger,857
Celeste,Korando,485
Sue,Kownacki,422
Glory,Kulzer,184
Willow,Kusko,289
Dulce,Labreche,401
Kayleigh,Lace,724
Salome,Lacovara,877
Cecil,Lapage,650
Lucina,Lary,684
Lemuel,Latzke,938
Merlyn,Lawler,204
Ma,Layous,586
Joanna,Leinenbach,339
Reita,Leto,561
Cherry,Lietz,821
Marge,Limmel,286
Maile,Linahan,737
Carmelina,Lindall,454
Elza,Lipke,329
Adell,Lipkin,412
Gilma,Liukko,708
Lashaunda,Lizama,125
Alex,Loader,644
Corinne,Loder,133
Lawrence,Lorens,158
Cristy,Lother,682
Sheron,Louissant,981
Yolando,Luczki,152
Mari,Lueckenbach,246
Markus,Lukasik,448
Fannie,Lungren,155
Abel,Maclead,227
Kimbery,Madarang,909
Earleen,Mai,182
Sharee,Maile,521
Venita,Maillard,601
Reena,Maisto,254
Blair,Malet,358
Mirta,Mallett,721
Chaya,Malvin,388
Thurman,Manno,574
Kris,Marrier,563
Lorean,Martabano,727
Marjory,Mastella,862
Olive,Matuszak,572
Leonora,Mauson,189
Marti,Maybury,245
Chantell,Maynerich,147
Brett,Mccullan,507
Mollie,Mcdoniel,468
Elli,Mclaird,357
Nu,Mcnease,769
Jettie,Mconnell,344
Trinidad,Mcrae,173
Vincent,Meinerding,660
Margart,Meisel,639
Gracia,Melnyk,742
Oretha,Menter,515
Laticia,Merced,891
Nichelle,Meteer,953
Edna,Miceli,478
Becky,Mirafuentes,949
Billye,Miro,689
Tracey,Modzelewski,366
Amber,Monarrez,832
Vallie,Mondella,571
Renea,Monterrubio,255
Georgene,Montezuma,482
Simona,Morasca,859
Elly,Morocco,955
Chauncey,Motley,389
Taryn,Moyd,136
Justine,Mugnolo,424
Timothy,Mulqueen,440
Levi,Munis,775
Myra,Munns,301
Stephane,Myricks,436
Adelina,Nabours,376
Tarra,Nachor,899
Rikki,Nayar,346
Matthew,Neither,740
Lorrie,Nestle,810
Lenna,Newville,324
Bette,Nicka,876
Herminia,Nicolozakes,840
Erick,Nievas,499
Gary,Nunlee,640
Kaitlyn,Ogg,288
Iluminada,Ohms,943
Dyan,Oldroyd,901
Jovita,Oles,456
Antione,Onofrio,280
Jolene,Ostolaza,220
Rozella,Ostrosky,853
Linn,Paa,939
Bulah,Padilla,736
Laurel,Pagliuca,903
Alpha,Palaia,492
Shawna,Palaspas,488
Rory,Papasergi,871
Lenna,Paprocki,386
Moon,Parlato,753
Arminda,Parvis,904
Lili,Paskin,686
Denise,Patak,498
Howard,Paulas,168
Gregoria,Pawlowicz,274
Teddy,Pedrozo,554
Mozell,Pelkowski,629
Devora,Perez,662
Amie,Perigo,528
Lavera,Perin,685
Daniel,Perruzza,556
Ashlyn,Pinilla,188
Rickie,Plumer,538
Katina,Polidori,872
Cathrine,Pontoriero,261
Mattie,Poquette,954
Felicidad,Poullion,851
Blondell,Pugh,549
Evangelina,Radde,446
Leota,Ragel,666
My,Rantanen,890
Krissy,Rauser,649
Marvel,Raymo,998
Jenelle,Regusters,631
Ligia,Reiber,121
Laurel,Reitler,730
Vi,Rentfro,958
Theodora,Restrepo,518
Janine,Rhoden,566
Bobbye,Rhym,950
Micaela,Rhymes,417
Dalene,Riden,532
Gladys,Rim,749
Talia,Riopelle,150
Xuan,Rochin,438
Bernardine,Rodefer,718
Terrilyn,Rodeigues,404
Helene,Rodenberger,942
Jacqueline,Rowling,786
Maryann,Royster,278
Kati,Rulapaugh,488
Graciela,Ruta,626
Sylvie,Ryser,905
Paz,Sahagun,450
Benedict,Sama,410
Cristal,Samara,799
Estrella,Samu,845
Hoa,Sarao,193
Sherita,Saras,934
Glendora,Sarbacher,751
Eladia,Saulter,941
Nelida,Sawchuk,732
Rasheeda,Sayaphon,271
Fatima,Saylors,540
Youlanda,Schemmer,997
Andra,Scheyer,272
Glory,Schieler,967
Goldie,Schirpke,472
Staci,Schmaltz,919
Pamella,Schmierer,884
Gayla,Schnitzler,818
Dalene,Schoeneck,142
Mitsue,Scipione,122
Lilli,Scriven,762
Shenika,Seewald,780
Kasandra,Semidey,199
Elke,Sengbusch,823
Alishia,Sergi,658
Ceola,Setter,803
Shalon,Shadrick,416
Ozell,Shealy,850
Tyra,Shields,910
Jesusa,Shin,341
Solange,Shinko,715
Van,Shire,494
Beckie,Silvestrini,292
Gail,Similton,309
Hillary,Skulski,929
Benton,Skursky,441
Glenna,Slayton,385
Alisha,Slusarski,291
Ty,Smith,969
Rolande,Spickerman,609
Layla,Springe,651
Martina,Staback,156
Tiffiny,Steffensmeier,531
Avery,Steier,407
Lizette,Stem,564
Ernie,Stenseth,352
Portia,Stimmel,164
Jose,Stockham,533
Junita,Stoltzman,495
Cordelia,Storment,562
Belen,Strassner,240
Lashawnda,Stuer,624
Peggie,Sturiale,874
Caprice,Suell,878
Gwenn,Suffield,815
Quentin,Swayze,120
Tresa,Sweely,733
Carmen,Sweigard,277
Ernest,Syrop,330
Annelle,Tagala,632
Filiberto,Tawil,944
Virgina,Tegarden,429
Kerry,Theodorov,236
Leslie,Threets,600
Hermila,Thyberg,197
Catalina,Tillotson,712
Loreta,Timenez,752
Yvonne,Tjepkema,451
Viva,Toelkes,506
Latrice,Tolfree,201
Mitsue,Tollner,491
Whitley,Tomasulo,276
Merissa,Tomblin,289
Barrett,Toyama,743
Lucy,Treston,512
Malcolm,Tromblay,869
Kristeen,Turinetti,320
Raul,Upthegrove,453
Sabra,Uyetake,222
Jamal,Vanausdal,202
Carma,Vanheusen,250
Claribel,Varriano,889
Art,Venere,139
Ciara,Ventura,681
Josphine,Villanueva,587
Stephaine,Vinning,990
Lashon,Vizarro,365
Francine,Vocelka,241
Kattie,Vonasek,551
Hubert,Walthall,457
Tammara,Wardrip,425
Kanisha,Waycott,882
Norah,Waymire,409
Lonny,Weglarz,279
Penney,Weight,830
Daren,Weirather,154
Tonette,Wenner,185
Dick,Wenzinger,744
Stevie,Westerbeck,980
Yuki,Whobrey,800
Paris,Wide,794
Sage,Wieser,825
Melissa,Wiklund,804
Cassi,Wildfong,310
Gertude,Witten,143
Irma,Wolfgramm,546
Lavonna,Wolny,537
Lorrine,Worlds,315
Nana,Wrinkles,652
Audry,Yaw,720
Maurine,Yglesias,630
Shawnda,Yori,895
Dierdre,Yum,992
Serina,Zagen,920
Sheridan,Zane,805
Vincenza,Zepp,423
Jerry,Zurcher,783
